,Unnamed: 0,Unnamed: 0.1,Unnamed: 0.1.1,Unnamed: 0.1.1.1,Id,Age,Geo,Gender,Language_Spoken,Language_Used,Education,Employed,Occupation,HH_Income,Ethnic_Background,Labels,par1,par2,par3,par4,par5,par6,par7,par8,par9,par10,label1,combination,total
0,0,2,2,,2,70+,Quebec,Female,English,French,Trade Certificate/Diploma,Not Employed,Other,,,,1.0,0.8888888888888888,1,0.2352941176470588,0.29411764705882354,0.8,0.5,0.1111111111111111,0,1.0,,1.0-0.8888888888888888-1-0.2352941176470588-0.29411764705882354-0.8-0.5-0.1111111111111111-0-1.0,2
1,1,5,5,,5,25-29,Ontario,Male,English,English,Trade Certificate/Diploma,Full-Time,Other,,,,0.4,0.6666666666666666,0,0.2352941176470588,0.2352941176470588,0.8,0.0,0.1111111111111111,0,1.0,,0.4-0.6666666666666666-0-0.2352941176470588-0.2352941176470588-0.8-0.0-0.1111111111111111-0-1.0,7
2,2,6,6,,6,65-69,Ontario,Female,English,English,High School Graduation Certificate,Full-Time,Other,,,,0.9333333333333332,0.6666666666666666,1,0.2352941176470588,0.2352941176470588,0.5,0.0,0.1111111111111111,0,1.0,,0.9333333333333332-0.6666666666666666-1-0.2352941176470588-0.2352941176470588-0.5-0.0-0.1111111111111111-0-1.0,5
3,3,18,18,,18,50-54,Ontario,Female,English,English,High School Graduation Certificate,Full-Time,Other,,,,0.7333333333333333,0.6666666666666666,1,0.2352941176470588,0.2352941176470588,0.5,0.0,0.1111111111111111,0,0.6923076923076923,,0.7333333333333333-0.6666666666666666-1-0.2352941176470588-0.2352941176470588-0.5-0.0-0.1111111111111111-0-0.6923076923076923,3
4,4,19,19,,19,35-39,Ontario,Male,French,English,Elementary School Graduation Cert,Not Employed,Skilled,,,,0.5333333333333333,0.6666666666666666,0,0.29411764705882354,0.2352941176470588,0.4,0.5,0.7777777777777778,0,1.0,,0.5333333333333333-0.6666666666666666-0-0.29411764705882354-0.2352941176470588-0.4-0.5-0.7777777777777778-0-1.0,2
5,5,25,25,,25,70+,Ontario,Female,English,French,Univ Cert/Dipl Below Bachelor Level,Full-Time,Technical/Sales/Teaching/Other White Collar,,,,1.0,0.6666666666666666,1,0.2352941176470588,0.29411764705882354,0.0,0.0,0.8888888888888888,0,1.0,,1.0-0.6666666666666666-1-0.2352941176470588-0.29411764705882354-0.0-0.0-0.8888888888888888-0-1.0,3
6,6,26,26,,26,70+,Quebec,Female,English,English,Other Certificate/Diploma Not Univ,Not Employed,Other,,,,1.0,0.8888888888888888,1,0.2352941176470588,0.2352941176470588,0.0,0.5,0.1111111111111111,0,1.0,,1.0-0.8888888888888888-1-0.2352941176470588-0.2352941176470588-0.0-0.5-0.1111111111111111-0-1.0,7
7,7,33,33,,33,18 Years,Quebec,Male,English,English,Univ Cert/Dipl Below Bachelor Level,Not Employed,Other,,,,0.13333333333333333,0.8888888888888888,0,0.2352941176470588,0.2352941176470588,0.0,0.5,0.1111111111111111,0,1.0,,0.13333333333333333-0.8888888888888888-0-0.2352941176470588-0.2352941176470588-0.0-0.5-0.1111111111111111-0-1.0,2
8,8,35,35,,35,40-44,Ontario,Female,French,English,High School Graduation Certificate,Not Employed,Other Managers,,,,0.6,0.6666666666666666,1,0.29411764705882354,0.2352941176470588,0.5,0.5,0.2222222222222222,0,1.0,,0.6-0.6666666666666666-1-0.29411764705882354-0.2352941176470588-0.5-0.5-0.2222222222222222-0-1.0,2
9,9,44,44,,44,60-64,Ontario,Female,English,English,High School Graduation Certificate,Full-Time,Technical/Sales/Teaching/Other White Collar,,,,0.8666666666666667,0.6666666666666666,1,0.2352941176470588,0.2352941176470588,0.5,0.0,0.8888888888888888,0,1.0,,0.8666666666666667-0.6666666666666666-1-0.2352941176470588-0.2352941176470588-0.5-0.0-0.8888888888888888-0-1.0,3
10,10,47,47,,47,30-34,Quebec,Female,English,English,Masters Degrees,Full-Time,Other,,,,0.4666666666666667,0.8888888888888888,1,0.2352941176470588,0.2352941176470588,0.1,0.0,0.1111111111111111,0,0.7692307692307693,,0.4666666666666667-0.8888888888888888-1-0.2352941176470588-0.2352941176470588-0.1-0.0-0.1111111111111111-0-0.7692307692307693,2
11,11,51,51,,51,60-64,Ontario,Male,English,English,High School Graduation Certificate,Full-Time,Other Managers,,,,0.8666666666666667,0.6666666666666666,0,0.2352941176470588,0.2352941176470588,0.5,0.0,0.2222222222222222,0,1.0,,0.8666666666666667-0.6666666666666666-0-0.2352941176470588-0.2352941176470588-0.5-0.0-0.2222222222222222-0-1.0,3
12,12,55,55,,55,25-29,Ontario,Female,English,English,Bachelors Degrees,Full-Time,Unskilled,,,,0.4,0.6666666666666666,1,0.2352941176470588,0.2352941176470588,0.0,0.0,1.0,0,1.0,,0.4-0.6666666666666666-1-0.2352941176470588-0.2352941176470588-0.0-0.0-1.0-0-1.0,2
13,13,60,60,,60,50-54,Ontario,Male,English,English,Elementary School Graduation Cert,Not Employed,Other,,,,0.7333333333333333,0.6666666666666666,0,0.2352941176470588,0.2352941176470588,0.4,0.5,0.1111111111111111,0,1.0,,0.7333333333333333-0.6666666666666666-0-0.2352941176470588-0.2352941176470588-0.4-0.5-0.1111111111111111-0-1.0,2
14,14,75,75,,75,65-69,Saskatchewan,Male,English,English,High School Graduation Certificate,Full-Time,Other,,,,0.9333333333333332,1.0,0,0.2352941176470588,0.2352941176470588,0.5,0.0,0.1111111111111111,0,1.0,,0.9333333333333332-1.0-0-0.2352941176470588-0.2352941176470588-0.5-0.0-0.1111111111111111-0-1.0,3
15,15,78,78,,78,45-49,Ontario,Female,English,French,Bachelors Degrees,Full-Time,Other,,,,0.6666666666666666,0.6666666666666666,1,0.2352941176470588,0.29411764705882354,0.0,0.0,0.1111111111111111,0,1.0,,0.6666666666666666-0.6666666666666666-1-0.2352941176470588-0.29411764705882354-0.0-0.0-0.1111111111111111-0-1.0,3
16,16,91,91,,91,19 Years,Quebec,Male,English,English,Other Certificate/Diploma Not Univ,Not Employed,Other Managers,,,,0.2,0.8888888888888888,0,0.2352941176470588,0.2352941176470588,0.0,0.5,0.2222222222222222,0,1.0,,0.2-0.8888888888888888-0-0.2352941176470588-0.2352941176470588-0.0-0.5-0.2222222222222222-0-1.0,2
17,17,93,93,,93,60-64,Quebec,Male,English,French,High School Graduation Certificate,Not Employed,Senior Managers/Owners,,,,0.8666666666666667,0.8888888888888888,0,0.2352941176470588,0.29411764705882354,0.5,0.5,0.5555555555555556,0,1.0,,0.8666666666666667-0.8888888888888888-0-0.2352941176470588-0.29411764705882354-0.5-0.5-0.5555555555555556-0-1.0,2
18,18,104,104,,104,65-69,Ontario,Male,English,English,Bachelors Degrees,Full-Time,Skilled,,,,0.9333333333333332,0.6666666666666666,0,0.2352941176470588,0.2352941176470588,0.0,0.0,0.7777777777777778,0,1.0,,0.9333333333333332-0.6666666666666666-0-0.2352941176470588-0.2352941176470588-0.0-0.0-0.7777777777777778-0-1.0,3
19,19,105,105,,105,40-44,Ontario,Male,English,English,Bachelors Degrees,Full-Time,Other,,,,0.6,0.6666666666666666,0,0.2352941176470588,0.2352941176470588,0.0,0.0,0.1111111111111111,0,1.0,,0.6-0.6666666666666666-0-0.2352941176470588-0.2352941176470588-0.0-0.0-0.1111111111111111-0-1.0,15
20,20,108,108,,108,70+,Ontario,Male,French,English,Elementary School Graduation Cert,Full-Time,Other Managers,,,,1.0,0.6666666666666666,0,0.29411764705882354,0.2352941176470588,0.4,0.0,0.2222222222222222,0,0.0,,1.0-0.6666666666666666-0-0.29411764705882354-0.2352941176470588-0.4-0.0-0.2222222222222222-0-0.0,2
21,21,115,115,,115,60-64,Ontario,Female,French,English,Other Certificate/Diploma Not Univ,Full-Time,Technical/Sales/Teaching/Other White Collar,,,,0.8666666666666667,0.6666666666666666,1,0.29411764705882354,0.2352941176470588,0.0,0.0,0.8888888888888888,0,1.0,,0.8666666666666667-0.6666666666666666-1-0.29411764705882354-0.2352941176470588-0.0-0.0-0.8888888888888888-0-1.0,3
22,22,116,116,,116,50-54,Ontario,Female,English,English,Elementary School Graduation Cert,Full-Time,Other Managers,,,,0.7333333333333333,0.6666666666666666,1,0.2352941176470588,0.2352941176470588,0.4,0.0,0.2222222222222222,0,1.0,,0.7333333333333333-0.6666666666666666-1-0.2352941176470588-0.2352941176470588-0.4-0.0-0.2222222222222222-0-1.0,2
23,23,117,117,,117,65-69,Ontario,Male,Other,English,Elementary School Graduation Cert,Full-Time,Other,,,,0.9333333333333332,0.6666666666666666,0,0.7058823529411765,0.2352941176470588,0.4,0.0,0.1111111111111111,0,1.0,,0.9333333333333332-0.6666666666666666-0-0.7058823529411765-0.2352941176470588-0.4-0.0-0.1111111111111111-0-1.0,2
24,24,122,122,,122,35-39,Ontario,Male,English,French,High School Graduation Certificate,Not Employed,Technical/Sales/Teaching/Other White Collar,,,,0.5333333333333333,0.6666666666666666,0,0.2352941176470588,0.29411764705882354,0.5,0.5,0.8888888888888888,0,1.0,,0.5333333333333333-0.6666666666666666-0-0.2352941176470588-0.29411764705882354-0.5-0.5-0.8888888888888888-0-1.0,2
25,25,125,125,,126,35-39,Quebec,Female,English,English,Bachelors Degrees,Not Employed,Other,,,,0.5333333333333333,0.8888888888888888,1,0.2352941176470588,0.2352941176470588,0.0,0.5,0.1111111111111111,0,1.0,,0.5333333333333333-0.8888888888888888-1-0.2352941176470588-0.2352941176470588-0.0-0.5-0.1111111111111111-0-1.0,7
26,26,131,131,,132,35-39,Ontario,Male,English,English,Elementary School Graduation Cert,Not Employed,Other Managers,,,,0.5333333333333333,0.6666666666666666,0,0.2352941176470588,0.2352941176470588,0.4,0.5,0.2222222222222222,0,1.0,,0.5333333333333333-0.6666666666666666-0-0.2352941176470588-0.2352941176470588-0.4-0.5-0.2222222222222222-0-1.0,4
27,27,144,144,,145,50-54,Quebec,Female,English,English,Univ Cert/Dipl Below Bachelor Level,Full-Time,Other,,,,0.7333333333333333,0.8888888888888888,1,0.2352941176470588,0.2352941176470588,0.0,0.0,0.1111111111111111,0,1.0,,0.7333333333333333-0.8888888888888888-1-0.2352941176470588-0.2352941176470588-0.0-0.0-0.1111111111111111-0-1.0,3
28,28,151,151,,152,30-34,Ontario,Male,English,English,Univ Cert/Dipl Below Bachelor Level,Full-Time,Skilled,,,,0.4666666666666667,0.6666666666666666,0,0.2352941176470588,0.2352941176470588,0.0,0.0,0.7777777777777778,0,1.0,,0.4666666666666667-0.6666666666666666-0-0.2352941176470588-0.2352941176470588-0.0-0.0-0.7777777777777778-0-1.0,3
29,29,153,153,,154,70+,Ontario,Male,English,English,High School Graduation Certificate,Not Employed,Clerical/Secretarial,,,,1.0,0.6666666666666666,0,0.2352941176470588,0.2352941176470588,0.5,0.5,0.0,0,1.0,,1.0-0.6666666666666666-0-0.2352941176470588-0.2352941176470588-0.5-0.5-0.0-0-1.0,2
30,30,161,161,,162,55-59,Ontario,Female,English,English,Trade Certificate/Diploma,Full-Time,Professionals,,,,0.8,0.6666666666666666,1,0.2352941176470588,0.2352941176470588,0.8,0.0,0.4444444444444444,0,1.0,,0.8-0.6666666666666666-1-0.2352941176470588-0.2352941176470588-0.8-0.0-0.4444444444444444-0-1.0,2
31,31,165,165,,166,30-34,Alberta,Male,English,English,Other Certificate/Diploma Not Univ,Not Employed,Other,,,,0.4666666666666667,0.0,0,0.2352941176470588,0.2352941176470588,0.0,0.5,0.1111111111111111,0,1.0,,0.4666666666666667-0.0-0-0.2352941176470588-0.2352941176470588-0.0-0.5-0.1111111111111111-0-1.0,3
32,32,166,166,,167,45-49,Quebec,Female,English,English,High School Graduation Certificate,Full-Time,Other,,,,0.6666666666666666,0.8888888888888888,1,0.2352941176470588,0.2352941176470588,0.5,0.0,0.1111111111111111,0,1.0,,0.6666666666666666-0.8888888888888888-1-0.2352941176470588-0.2352941176470588-0.5-0.0-0.1111111111111111-0-1.0,5
33,33,167,167,,168,40-44,British Columbia,Male,English,English,High School Graduation Certificate,Not Employed,Other,,,,0.6,0.1111111111111111,0,0.2352941176470588,0.2352941176470588,0.5,0.5,0.1111111111111111,0,1.0,,0.6-0.1111111111111111-0-0.2352941176470588-0.2352941176470588-0.5-0.5-0.1111111111111111-0-1.0,2
34,34,168,168,,169,35-39,Ontario,Male,English,English,Elementary School Graduation Cert,Full-Time,Other,,,,0.5333333333333333,0.6666666666666666,0,0.2352941176470588,0.2352941176470588,0.4,0.0,0.1111111111111111,0,1.0,,0.5333333333333333-0.6666666666666666-0-0.2352941176470588-0.2352941176470588-0.4-0.0-0.1111111111111111-0-1.0,2
35,35,176,176,,177,70+,Ontario,Female,English,English,Elementary School Graduation Cert,Not Employed,Technical/Sales/Teaching/Other White Collar,,,,1.0,0.6666666666666666,1,0.2352941176470588,0.2352941176470588,0.4,0.5,0.8888888888888888,0,1.0,,1.0-0.6666666666666666-1-0.2352941176470588-0.2352941176470588-0.4-0.5-0.8888888888888888-0-1.0,2
36,36,178,178,,179,15-17,Manitoba,Male,English,French,High School Graduation Certificate,Not Employed,Other,,,,0.06666666666666668,0.2222222222222222,0,0.2352941176470588,0.29411764705882354,0.5,0.5,0.1111111111111111,0,1.0,,0.06666666666666668-0.2222222222222222-0-0.2352941176470588-0.29411764705882354-0.5-0.5-0.1111111111111111-0-1.0,2
37,37,185,185,,186,40-44,Ontario,Male,English,English,High School Graduation Certificate,Full-Time,Other,,,,0.6,0.6666666666666666,0,0.2352941176470588,0.2352941176470588,0.5,0.0,0.1111111111111111,0,1.0,,0.6-0.6666666666666666-0-0.2352941176470588-0.2352941176470588-0.5-0.0-0.1111111111111111-0-1.0,8
38,38,186,186,,187,65-69,Ontario,Male,English,English,High School Graduation Certificate,Full-Time,Technical/Sales/Teaching/Other White Collar,,,,0.9333333333333332,0.6666666666666666,0,0.2352941176470588,0.2352941176470588,0.5,0.0,0.8888888888888888,0,1.0,,0.9333333333333332-0.6666666666666666-0-0.2352941176470588-0.2352941176470588-0.5-0.0-0.8888888888888888-0-1.0,2
39,39,202,202,,203,25-29,Ontario,Female,English,English,Other Certificate/Diploma Not Univ,Not Employed,Other,,,,0.4,0.6666666666666666,1,0.2352941176470588,0.2352941176470588,0.0,0.5,0.1111111111111111,0,1.0,,0.4-0.6666666666666666-1-0.2352941176470588-0.2352941176470588-0.0-0.5-0.1111111111111111-0-1.0,6
40,40,207,207,,208,30-34,Ontario,Female,English,English,Other Certificate/Diploma Not Univ,Not Employed,Other,,,,0.4666666666666667,0.6666666666666666,1,0.2352941176470588,0.2352941176470588,0.0,0.5,0.1111111111111111,0,1.0,,0.4666666666666667-0.6666666666666666-1-0.2352941176470588-0.2352941176470588-0.0-0.5-0.1111111111111111-0-1.0,10
41,41,211,211,,212,25-29,Ontario,Female,English,English,Elementary School Graduation Cert,Full-Time,Other Managers,,,,0.4,0.6666666666666666,1,0.2352941176470588,0.2352941176470588,0.4,0.0,0.2222222222222222,0,1.0,,0.4-0.6666666666666666-1-0.2352941176470588-0.2352941176470588-0.4-0.0-0.2222222222222222-0-1.0,3
42,42,217,217,,218,70+,Ontario,Female,English,French,High School Graduation Certificate,Full-Time,Other,,,,1.0,0.6666666666666666,1,0.2352941176470588,0.29411764705882354,0.5,0.0,0.1111111111111111,0,1.0,,1.0-0.6666666666666666-1-0.2352941176470588-0.29411764705882354-0.5-0.0-0.1111111111111111-0-1.0,6
43,43,219,219,,220,50-54,Quebec,Female,English,English,Bachelors Degrees,Full-Time,Unskilled,,,,0.7333333333333333,0.8888888888888888,1,0.2352941176470588,0.2352941176470588,0.0,0.0,1.0,0,1.0,,0.7333333333333333-0.8888888888888888-1-0.2352941176470588-0.2352941176470588-0.0-0.0-1.0-0-1.0,3
44,44,223,223,,224,50-54,Ontario,Female,English,English,High School Graduation Certificate,Full-Time,Clerical/Secretarial,,,,0.7333333333333333,0.6666666666666666,1,0.2352941176470588,0.2352941176470588,0.5,0.0,0.0,0,1.0,,0.7333333333333333-0.6666666666666666-1-0.2352941176470588-0.2352941176470588-0.5-0.0-0.0-0-1.0,2
45,45,225,225,,226,40-44,Alberta,Female,English,English,High School Graduation Certificate,Full-Time,Technical/Sales/Teaching/Other White Collar,,,,0.6,0.0,1,0.2352941176470588,0.2352941176470588,0.5,0.0,0.8888888888888888,0,1.0,,0.6-0.0-1-0.2352941176470588-0.2352941176470588-0.5-0.0-0.8888888888888888-0-1.0,2
46,46,240,240,,241,70+,Alberta,Male,English,English,Univ Cert/Dipl Below Bachelor Level,Full-Time,Other,,,,1.0,0.0,0,0.2352941176470588,0.2352941176470588,0.0,0.0,0.1111111111111111,0,1.0,,1.0-0.0-0-0.2352941176470588-0.2352941176470588-0.0-0.0-0.1111111111111111-0-1.0,3
47,47,241,241,,242,25-29,Ontario,Male,English,English,Bachelors Degrees,Full-Time,Other,,,,0.4,0.6666666666666666,0,0.2352941176470588,0.2352941176470588,0.0,0.0,0.1111111111111111,0,1.0,,0.4-0.6666666666666666-0-0.2352941176470588-0.2352941176470588-0.0-0.0-0.1111111111111111-0-1.0,8
48,48,246,246,,247,50-54,Ontario,Female,English,French,Other Certificate/Diploma Not Univ,Full-Time,Clerical/Secretarial,,,,0.7333333333333333,0.6666666666666666,1,0.2352941176470588,0.29411764705882354,0.0,0.0,0.0,0,1.0,,0.7333333333333333-0.6666666666666666-1-0.2352941176470588-0.29411764705882354-0.0-0.0-0.0-0-1.0,2
49,49,251,251,,252,40-44,Ontario,Female,English,English,Elementary School Graduation Cert,Not Employed,Unskilled,,,,0.6,0.6666666666666666,1,0.2352941176470588,0.2352941176470588,0.4,0.5,1.0,0,1.0,,0.6-0.6666666666666666-1-0.2352941176470588-0.2352941176470588-0.4-0.5-1.0-0-1.0,3
50,50,253,253,,254,15-17,Ontario,Male,English,English,Trade Certificate/Diploma,Full-Time,Professionals,,,,0.06666666666666668,0.6666666666666666,0,0.2352941176470588,0.2352941176470588,0.8,0.0,0.4444444444444444,0,1.0,,0.06666666666666668-0.6666666666666666-0-0.2352941176470588-0.2352941176470588-0.8-0.0-0.4444444444444444-0-1.0,2
51,51,255,255,,256,55-59,Ontario,Male,Other,English,Other Certificate/Diploma Not Univ,Not Employed,Other,,,,0.8,0.6666666666666666,0,0.7058823529411765,0.2352941176470588,0.0,0.5,0.1111111111111111,0,1.0,,0.8-0.6666666666666666-0-0.7058823529411765-0.2352941176470588-0.0-0.5-0.1111111111111111-0-1.0,2
52,52,265,265,,266,55-59,Alberta,Female,English,English,Trade Certificate/Diploma,Not Employed,Other Managers,,,,0.8,0.0,1,0.2352941176470588,0.2352941176470588,0.8,0.5,0.2222222222222222,0,1.0,,0.8-0.0-1-0.2352941176470588-0.2352941176470588-0.8-0.5-0.2222222222222222-0-1.0,2
53,53,268,268,,269,60-64,Ontario,Female,English,English,Elementary School Graduation Cert,Not Employed,Other,,,,0.8666666666666667,0.6666666666666666,1,0.2352941176470588,0.2352941176470588,0.4,0.5,0.1111111111111111,0,1.0,,0.8666666666666667-0.6666666666666666-1-0.2352941176470588-0.2352941176470588-0.4-0.5-0.1111111111111111-0-1.0,8
54,54,273,273,,274,65-69,Quebec,Male,English,English,High School Graduation Certificate,Not Employed,Other,,,,0.9333333333333332,0.8888888888888888,0,0.2352941176470588,0.2352941176470588,0.5,0.5,0.1111111111111111,0,1.0,,0.9333333333333332-0.8888888888888888-0-0.2352941176470588-0.2352941176470588-0.5-0.5-0.1111111111111111-0-1.0,4
55,55,280,280,,281,25-29,Quebec,Female,English,English,Other Certificate/Diploma Not Univ,Full-Time,Other,,,,0.4,0.8888888888888888,1,0.2352941176470588,0.2352941176470588,0.0,0.0,0.1111111111111111,0,1.0,,0.4-0.8888888888888888-1-0.2352941176470588-0.2352941176470588-0.0-0.0-0.1111111111111111-0-1.0,2
56,56,284,284,,285,55-59,Ontario,Female,English,English,Trade Certificate/Diploma,Full-Time,Technical/Sales/Teaching/Other White Collar,,,,0.8,0.6666666666666666,1,0.2352941176470588,0.2352941176470588,0.8,0.0,0.8888888888888888,0,1.0,,0.8-0.6666666666666666-1-0.2352941176470588-0.2352941176470588-0.8-0.0-0.8888888888888888-0-1.0,2
57,57,287,287,,288,60-64,Ontario,Male,English,French,Univ Cert/Dipl Below Bachelor Level,Not Employed,Other,,,,0.8666666666666667,0.6666666666666666,0,0.2352941176470588,0.29411764705882354,0.0,0.5,0.1111111111111111,0,1.0,,0.8666666666666667-0.6666666666666666-0-0.2352941176470588-0.29411764705882354-0.0-0.5-0.1111111111111111-0-1.0,4
58,58,290,290,,291,35-39,Ontario,Female,English,English,Other Certificate/Diploma Not Univ,Not Employed,Other Managers,,,,0.5333333333333333,0.6666666666666666,1,0.2352941176470588,0.2352941176470588,0.0,0.5,0.2222222222222222,0,0.0,,0.5333333333333333-0.6666666666666666-1-0.2352941176470588-0.2352941176470588-0.0-0.5-0.2222222222222222-0-0.0,2
59,59,295,295,,296,35-39,British Columbia,Female,English,English,Bachelors Degrees,Not Employed,Other,,,,0.5333333333333333,0.1111111111111111,1,0.2352941176470588,0.2352941176470588,0.0,0.5,0.1111111111111111,0,1.0,,0.5333333333333333-0.1111111111111111-1-0.2352941176470588-0.2352941176470588-0.0-0.5-0.1111111111111111-0-1.0,3
60,60,299,299,,300,19 Years,Ontario,Male,English,English,Trade Certificate/Diploma,Full-Time,Other Managers,,,,0.2,0.6666666666666666,0,0.2352941176470588,0.2352941176470588,0.8,0.0,0.2222222222222222,0,1.0,,0.2-0.6666666666666666-0-0.2352941176470588-0.2352941176470588-0.8-0.0-0.2222222222222222-0-1.0,2
61,61,302,302,,303,35-39,British Columbia,Male,French,English,Other Certificate/Diploma Not Univ,Full-Time,Other,,,,0.5333333333333333,0.1111111111111111,0,0.29411764705882354,0.2352941176470588,0.0,0.0,0.1111111111111111,0,1.0,,0.5333333333333333-0.1111111111111111-0-0.29411764705882354-0.2352941176470588-0.0-0.0-0.1111111111111111-0-1.0,5
62,62,307,307,,308,70+,Quebec,Male,English,English,Elementary School Graduation Cert,Not Employed,Other,,,,1.0,0.8888888888888888,0,0.2352941176470588,0.2352941176470588,0.4,0.5,0.1111111111111111,0,1.0,,1.0-0.8888888888888888-0-0.2352941176470588-0.2352941176470588-0.4-0.5-0.1111111111111111-0-1.0,3
63,63,314,314,,315,65-69,Ontario,Male,English,French,Bachelors Degrees,Full-Time,Other,,,,0.9333333333333332,0.6666666666666666,0,0.2352941176470588,0.29411764705882354,0.0,0.0,0.1111111111111111,0,1.0,,0.9333333333333332-0.6666666666666666-0-0.2352941176470588-0.29411764705882354-0.0-0.0-0.1111111111111111-0-1.0,8
64,64,315,315,,316,30-34,British Columbia,Male,English,English,Univ Cert/Dipl Below Bachelor Level,Full-Time,Other,,,,0.4666666666666667,0.1111111111111111,0,0.2352941176470588,0.2352941176470588,0.0,0.0,0.1111111111111111,0,1.0,,0.4666666666666667-0.1111111111111111-0-0.2352941176470588-0.2352941176470588-0.0-0.0-0.1111111111111111-0-1.0,2
65,65,317,317,,318,30-34,Alberta,Male,English,French,Elementary School Graduation Cert,Not Employed,Other,,,,0.4666666666666667,0.0,0,0.2352941176470588,0.29411764705882354,0.4,0.5,0.1111111111111111,0,1.0,,0.4666666666666667-0.0-0-0.2352941176470588-0.29411764705882354-0.4-0.5-0.1111111111111111-0-1.0,2
66,66,318,318,,319,50-54,Ontario,Male,English,English,Elementary School Graduation Cert,Full-Time,Unskilled,,,,0.7333333333333333,0.6666666666666666,0,0.2352941176470588,0.2352941176470588,0.4,0.0,1.0,0,1.0,,0.7333333333333333-0.6666666666666666-0-0.2352941176470588-0.2352941176470588-0.4-0.0-1.0-0-1.0,2
67,67,325,325,,326,40-44,Ontario,Female,English,English,High School Graduation Certificate,Full-Time,Other,,,,0.6,0.6666666666666666,1,0.2352941176470588,0.2352941176470588,0.5,0.0,0.1111111111111111,0,1.0,,0.6-0.6666666666666666-1-0.2352941176470588-0.2352941176470588-0.5-0.0-0.1111111111111111-0-1.0,6
68,68,328,328,,329,50-54,Ontario,Male,French,French,High School Graduation Certificate,Not Employed,Technical/Sales/Teaching/Other White Collar,,,,0.7333333333333333,0.6666666666666666,0,0.29411764705882354,0.29411764705882354,0.5,0.5,0.8888888888888888,0,1.0,,0.7333333333333333-0.6666666666666666-0-0.29411764705882354-0.29411764705882354-0.5-0.5-0.8888888888888888-0-1.0,2
69,69,335,335,,336,45-49,Quebec,Female,English,English,Bachelors Degrees,Not Employed,Technical/Sales/Teaching/Other White Collar,,,,0.6666666666666666,0.8888888888888888,1,0.2352941176470588,0.2352941176470588,0.0,0.5,0.8888888888888888,0,1.0,,0.6666666666666666-0.8888888888888888-1-0.2352941176470588-0.2352941176470588-0.0-0.5-0.8888888888888888-0-1.0,2
70,70,341,341,,342,30-34,Ontario,Female,English,English,None,Full-Time,Technical/Sales/Teaching/Other White Collar,,,,0.4666666666666667,0.6666666666666666,1,0.2352941176470588,0.2352941176470588,0.6,0.0,0.8888888888888888,0,1.0,,0.4666666666666667-0.6666666666666666-1-0.2352941176470588-0.2352941176470588-0.6-0.0-0.8888888888888888-0-1.0,2
71,71,342,342,,343,15-17,Ontario,Male,English,English,Bachelors Degrees,Full-Time,Other,,,,0.06666666666666668,0.6666666666666666,0,0.2352941176470588,0.2352941176470588,0.0,0.0,0.1111111111111111,0,1.0,,0.06666666666666668-0.6666666666666666-0-0.2352941176470588-0.2352941176470588-0.0-0.0-0.1111111111111111-0-1.0,2
72,72,343,343,,344,30-34,British Columbia,Male,English,English,High School Graduation Certificate,Not Employed,Other,,,,0.4666666666666667,0.1111111111111111,0,0.2352941176470588,0.2352941176470588,0.5,0.5,0.1111111111111111,0,1.0,,0.4666666666666667-0.1111111111111111-0-0.2352941176470588-0.2352941176470588-0.5-0.5-0.1111111111111111-0-1.0,4
73,73,347,347,,348,30-34,Quebec,Female,English,English,Other Certificate/Diploma Not Univ,Not Employed,Other Managers,,,,0.4666666666666667,0.8888888888888888,1,0.2352941176470588,0.2352941176470588,0.0,0.5,0.2222222222222222,0,1.0,,0.4666666666666667-0.8888888888888888-1-0.2352941176470588-0.2352941176470588-0.0-0.5-0.2222222222222222-0-1.0,2
74,74,348,348,,349,45-49,Ontario,Female,English,French,Other Certificate/Diploma Not Univ,Not Employed,Clerical/Secretarial,,,,0.6666666666666666,0.6666666666666666,1,0.2352941176470588,0.29411764705882354,0.0,0.5,0.0,0,1.0,,0.6666666666666666-0.6666666666666666-1-0.2352941176470588-0.29411764705882354-0.0-0.5-0.0-0-1.0,2
75,75,349,349,,350,30-34,Ontario,Female,English,English,Trade Certificate/Diploma,Not Employed,Other,,,,0.4666666666666667,0.6666666666666666,1,0.2352941176470588,0.2352941176470588,0.8,0.5,0.1111111111111111,0,1.0,,0.4666666666666667-0.6666666666666666-1-0.2352941176470588-0.2352941176470588-0.8-0.5-0.1111111111111111-0-1.0,3
76,76,355,355,,356,22-24,British Columbia,Male,English,French,Bachelors Degrees,Not Employed,Other,,,,0.3333333333333333,0.1111111111111111,0,0.2352941176470588,0.29411764705882354,0.0,0.5,0.1111111111111111,0,1.0,,0.3333333333333333-0.1111111111111111-0-0.2352941176470588-0.29411764705882354-0.0-0.5-0.1111111111111111-0-1.0,2
77,77,365,365,,366,70+,Ontario,Female,English,English,Bachelors Degrees,Full-Time,Clerical/Secretarial,,,,1.0,0.6666666666666666,1,0.2352941176470588,0.2352941176470588,0.0,0.0,0.0,0,0.6923076923076923,,1.0-0.6666666666666666-1-0.2352941176470588-0.2352941176470588-0.0-0.0-0.0-0-0.6923076923076923,2
78,78,368,368,,369,25-29,Ontario,Female,French,French,Bachelors Degrees,Full-Time,Other,,,,0.4,0.6666666666666666,1,0.29411764705882354,0.29411764705882354,0.0,0.0,0.1111111111111111,0,1.0,,0.4-0.6666666666666666-1-0.29411764705882354-0.29411764705882354-0.0-0.0-0.1111111111111111-0-1.0,3
79,79,387,387,,388,55-59,Ontario,Female,English,French,Other Certificate/Diploma Not Univ,Full-Time,Other,,,,0.8,0.6666666666666666,1,0.2352941176470588,0.29411764705882354,0.0,0.0,0.1111111111111111,0,1.0,,0.8-0.6666666666666666-1-0.2352941176470588-0.29411764705882354-0.0-0.0-0.1111111111111111-0-1.0,3
80,80,393,393,,394,70+,Ontario,Male,English,English,Other Certificate/Diploma Not Univ,Full-Time,Other,,,,1.0,0.6666666666666666,0,0.2352941176470588,0.2352941176470588,0.0,0.0,0.1111111111111111,0,1.0,,1.0-0.6666666666666666-0-0.2352941176470588-0.2352941176470588-0.0-0.0-0.1111111111111111-0-1.0,7
81,81,394,394,,395,60-64,Quebec,Female,English,English,Bachelors Degrees,Full-Time,Unskilled,,,,0.8666666666666667,0.8888888888888888,1,0.2352941176470588,0.2352941176470588,0.0,0.0,1.0,0,1.0,,0.8666666666666667-0.8888888888888888-1-0.2352941176470588-0.2352941176470588-0.0-0.0-1.0-0-1.0,2
82,82,397,397,,398,60-64,Alberta,Female,Other,English,Univ Cert/Dipl Above Bachelor Level,Full-Time,Other,,,,0.8666666666666667,0.0,1,0.7058823529411765,0.2352941176470588,0.0,0.0,0.1111111111111111,0,1.0,,0.8666666666666667-0.0-1-0.7058823529411765-0.2352941176470588-0.0-0.0-0.1111111111111111-0-1.0,2
83,83,398,398,,399,60-64,Ontario,Female,English,French,Other Certificate/Diploma Not Univ,Full-Time,Other,,,,0.8666666666666667,0.6666666666666666,1,0.2352941176470588,0.29411764705882354,0.0,0.0,0.1111111111111111,0,1.0,,0.8666666666666667-0.6666666666666666-1-0.2352941176470588-0.29411764705882354-0.0-0.0-0.1111111111111111-0-1.0,2
84,84,404,404,,405,50-54,Ontario,Female,English,English,Trade Certificate/Diploma,Not Employed,Other,,,,0.7333333333333333,0.6666666666666666,1,0.2352941176470588,0.2352941176470588,0.8,0.5,0.1111111111111111,0,1.0,,0.7333333333333333-0.6666666666666666-1-0.2352941176470588-0.2352941176470588-0.8-0.5-0.1111111111111111-0-1.0,2
85,85,405,405,,406,65-69,Ontario,Male,English,English,Elementary School Graduation Cert,Full-Time,Other Managers,,,,0.9333333333333332,0.6666666666666666,0,0.2352941176470588,0.2352941176470588,0.4,0.0,0.2222222222222222,0,1.0,,0.9333333333333332-0.6666666666666666-0-0.2352941176470588-0.2352941176470588-0.4-0.0-0.2222222222222222-0-1.0,4
86,86,408,408,,409,20-21,Ontario,Male,English,English,Elementary School Graduation Cert,Not Employed,Other,,,,0.26666666666666666,0.6666666666666666,0,0.2352941176470588,0.2352941176470588,0.4,0.5,0.1111111111111111,0,1.0,,0.26666666666666666-0.6666666666666666-0-0.2352941176470588-0.2352941176470588-0.4-0.5-0.1111111111111111-0-1.0,2
87,87,410,410,,411,25-29,British Columbia,Female,English,English,High School Graduation Certificate,Not Employed,Other,,,,0.4,0.1111111111111111,1,0.2352941176470588,0.2352941176470588,0.5,0.5,0.1111111111111111,0,1.0,,0.4-0.1111111111111111-1-0.2352941176470588-0.2352941176470588-0.5-0.5-0.1111111111111111-0-1.0,5
88,88,411,411,,412,22-24,Quebec,Male,English,English,High School Graduation Certificate,Not Employed,Other,,,,0.3333333333333333,0.8888888888888888,0,0.2352941176470588,0.2352941176470588,0.5,0.5,0.1111111111111111,0,1.0,,0.3333333333333333-0.8888888888888888-0-0.2352941176470588-0.2352941176470588-0.5-0.5-0.1111111111111111-0-1.0,2
89,89,417,417,,418,22-24,Ontario,Female,English,French,High School Graduation Certificate,Full-Time,Other,,,,0.3333333333333333,0.6666666666666666,1,0.2352941176470588,0.29411764705882354,0.5,0.0,0.1111111111111111,0,1.0,,0.3333333333333333-0.6666666666666666-1-0.2352941176470588-0.29411764705882354-0.5-0.0-0.1111111111111111-0-1.0,3
90,90,422,422,,423,25-29,Ontario,Female,English,English,High School Graduation Certificate,Full-Time,Technical/Sales/Teaching/Other White Collar,,,,0.4,0.6666666666666666,1,0.2352941176470588,0.2352941176470588,0.5,0.0,0.8888888888888888,0,1.0,,0.4-0.6666666666666666-1-0.2352941176470588-0.2352941176470588-0.5-0.0-0.8888888888888888-0-1.0,3
91,91,424,424,,425,25-29,New Brunswick,Male,English,English,Bachelors Degrees,Not Employed,Other,,,,0.4,0.3333333333333333,0,0.2352941176470588,0.2352941176470588,0.0,0.5,0.1111111111111111,0,1.0,,0.4-0.3333333333333333-0-0.2352941176470588-0.2352941176470588-0.0-0.5-0.1111111111111111-0-1.0,2
92,92,425,425,,426,15-17,Ontario,Male,English,English,Elementary School Graduation Cert,Full-Time,Senior Managers/Owners,,,,0.06666666666666668,0.6666666666666666,0,0.2352941176470588,0.2352941176470588,0.4,0.0,0.5555555555555556,0,1.0,,0.06666666666666668-0.6666666666666666-0-0.2352941176470588-0.2352941176470588-0.4-0.0-0.5555555555555556-0-1.0,2
93,93,428,428,,429,50-54,Quebec,Male,English,English,Bachelors Degrees,Full-Time,Unskilled,,,,0.7333333333333333,0.8888888888888888,0,0.2352941176470588,0.2352941176470588,0.0,0.0,1.0,0,1.0,,0.7333333333333333-0.8888888888888888-0-0.2352941176470588-0.2352941176470588-0.0-0.0-1.0-0-1.0,4
94,94,435,435,,436,40-44,Quebec,Female,English,English,None,Full-Time,Other,,,,0.6,0.8888888888888888,1,0.2352941176470588,0.2352941176470588,0.6,0.0,0.1111111111111111,0,1.0,,0.6-0.8888888888888888-1-0.2352941176470588-0.2352941176470588-0.6-0.0-0.1111111111111111-0-1.0,2
95,95,440,440,,441,65-69,British Columbia,Female,English,English,Bachelors Degrees,Not Employed,Other,,,,0.9333333333333332,0.1111111111111111,1,0.2352941176470588,0.2352941176470588,0.0,0.5,0.1111111111111111,0,1.0,,0.9333333333333332-0.1111111111111111-1-0.2352941176470588-0.2352941176470588-0.0-0.5-0.1111111111111111-0-1.0,2
96,96,441,441,,442,19 Years,Alberta,Male,English,English,Univ Cert/Dipl Below Bachelor Level,Not Employed,Other,,,,0.2,0.0,0,0.2352941176470588,0.2352941176470588,0.0,0.5,0.1111111111111111,0,1.0,,0.2-0.0-0-0.2352941176470588-0.2352941176470588-0.0-0.5-0.1111111111111111-0-1.0,2
97,97,442,442,,443,35-39,Ontario,Male,English,English,High School Graduation Certificate,Not Employed,Professionals,,,,0.5333333333333333,0.6666666666666666,0,0.2352941176470588,0.2352941176470588,0.5,0.5,0.4444444444444444,0,1.0,,0.5333333333333333-0.6666666666666666-0-0.2352941176470588-0.2352941176470588-0.5-0.5-0.4444444444444444-0-1.0,3
98,98,445,445,,446,70+,Ontario,Female,English,English,High School Graduation Certificate,Full-Time,Professionals,,,,1.0,0.6666666666666666,1,0.2352941176470588,0.2352941176470588,0.5,0.0,0.4444444444444444,0,1.0,,1.0-0.6666666666666666-1-0.2352941176470588-0.2352941176470588-0.5-0.0-0.4444444444444444-0-1.0,4
99,99,446,446,,447,25-29,British Columbia,Male,French,English,High School Graduation Certificate,Not Employed,Other,,,,0.4,0.1111111111111111,0,0.29411764705882354,0.2352941176470588,0.5,0.5,0.1111111111111111,0,1.0,,0.4-0.1111111111111111-0-0.29411764705882354-0.2352941176470588-0.5-0.5-0.1111111111111111-0-1.0,2
100,100,447,447,,448,25-29,Quebec,Female,English,English,Elementary School Graduation Cert,Full-Time,Other,,,,0.4,0.8888888888888888,1,0.2352941176470588,0.2352941176470588,0.4,0.0,0.1111111111111111,0,1.0,,0.4-0.8888888888888888-1-0.2352941176470588-0.2352941176470588-0.4-0.0-0.1111111111111111-0-1.0,5
101,101,448,448,,449,65-69,Saskatchewan,Male,English,French,Other Certificate/Diploma Not Univ,Full-Time,Other Managers,,,,0.9333333333333332,1.0,0,0.2352941176470588,0.29411764705882354,0.0,0.0,0.2222222222222222,0,1.0,,0.9333333333333332-1.0-0-0.2352941176470588-0.29411764705882354-0.0-0.0-0.2222222222222222-0-1.0,2
102,102,454,454,,455,25-29,Ontario,Female,English,English,Bachelors Degrees,Full-Time,Other,,,,0.4,0.6666666666666666,1,0.2352941176470588,0.2352941176470588,0.0,0.0,0.1111111111111111,0,0.0,,0.4-0.6666666666666666-1-0.2352941176470588-0.2352941176470588-0.0-0.0-0.1111111111111111-0-0.0,3
103,103,455,455,,456,45-49,Saskatchewan,Female,French,English,Univ Cert/Dipl Above Bachelor Level,Not Employed,Other,,,,0.6666666666666666,1.0,1,0.29411764705882354,0.2352941176470588,0.0,0.5,0.1111111111111111,0,1.0,,0.6666666666666666-1.0-1-0.29411764705882354-0.2352941176470588-0.0-0.5-0.1111111111111111-0-1.0,2
104,104,459,459,,460,50-54,Ontario,Male,English,English,Trade Certificate/Diploma,Full-Time,Other,,,,0.7333333333333333,0.6666666666666666,0,0.2352941176470588,0.2352941176470588,0.8,0.0,0.1111111111111111,0,1.0,,0.7333333333333333-0.6666666666666666-0-0.2352941176470588-0.2352941176470588-0.8-0.0-0.1111111111111111-0-1.0,2
105,105,471,471,,472,45-49,Ontario,Male,English,French,Trade Certificate/Diploma,Not Employed,Other,,,,0.6666666666666666,0.6666666666666666,0,0.2352941176470588,0.29411764705882354,0.8,0.5,0.1111111111111111,0,1.0,,0.6666666666666666-0.6666666666666666-0-0.2352941176470588-0.29411764705882354-0.8-0.5-0.1111111111111111-0-1.0,2
106,106,473,473,,474,55-59,Ontario,Male,English,English,Univ Cert/Dipl Below Bachelor Level,Not Employed,Skilled,,,,0.8,0.6666666666666666,0,0.2352941176470588,0.2352941176470588,0.0,0.5,0.7777777777777778,0,1.0,,0.8-0.6666666666666666-0-0.2352941176470588-0.2352941176470588-0.0-0.5-0.7777777777777778-0-1.0,2
107,107,483,483,,484,45-49,Quebec,Male,English,English,Other Certificate/Diploma Not Univ,Full-Time,Other,,,,0.6666666666666666,0.8888888888888888,0,0.2352941176470588,0.2352941176470588,0.0,0.0,0.1111111111111111,0,0.0,,0.6666666666666666-0.8888888888888888-0-0.2352941176470588-0.2352941176470588-0.0-0.0-0.1111111111111111-0-0.0,2
108,108,485,485,,486,55-59,Ontario,Female,English,English,High School Graduation Certificate,Not Employed,Other,,,,0.8,0.6666666666666666,1,0.2352941176470588,0.2352941176470588,0.5,0.5,0.1111111111111111,0,1.0,,0.8-0.6666666666666666-1-0.2352941176470588-0.2352941176470588-0.5-0.5-0.1111111111111111-0-1.0,7
109,109,498,498,,499,22-24,Ontario,Female,French,English,Other Certificate/Diploma Not Univ,Not Employed,Other,,,,0.3333333333333333,0.6666666666666666,1,0.29411764705882354,0.2352941176470588,0.0,0.5,0.1111111111111111,0,1.0,,0.3333333333333333-0.6666666666666666-1-0.29411764705882354-0.2352941176470588-0.0-0.5-0.1111111111111111-0-1.0,2
110,110,499,499,,500,25-29,Ontario,Female,French,English,High School Graduation Certificate,Not Employed,Other,,,,0.4,0.6666666666666666,1,0.29411764705882354,0.2352941176470588,0.5,0.5,0.1111111111111111,0,0.0,,0.4-0.6666666666666666-1-0.29411764705882354-0.2352941176470588-0.5-0.5-0.1111111111111111-0-0.0,2
111,111,501,501,,502,40-44,Ontario,Female,English,English,Elementary School Graduation Cert,Part-Time,Other Managers,,,,0.6,0.6666666666666666,1,0.2352941176470588,0.2352941176470588,0.4,1.0,0.2222222222222222,0,1.0,,0.6-0.6666666666666666-1-0.2352941176470588-0.2352941176470588-0.4-1.0-0.2222222222222222-0-1.0,2
112,112,516,516,,517,35-39,Ontario,Male,English,French,High School Graduation Certificate,Full-Time,Other,,,,0.5333333333333333,0.6666666666666666,0,0.2352941176470588,0.29411764705882354,0.5,0.0,0.1111111111111111,0,1.0,,0.5333333333333333-0.6666666666666666-0-0.2352941176470588-0.29411764705882354-0.5-0.0-0.1111111111111111-0-1.0,3
113,113,517,517,,518,45-49,Alberta,Female,English,English,Elementary School Graduation Cert,Full-Time,Other,,,,0.6666666666666666,0.0,1,0.2352941176470588,0.2352941176470588,0.4,0.0,0.1111111111111111,0,1.0,,0.6666666666666666-0.0-1-0.2352941176470588-0.2352941176470588-0.4-0.0-0.1111111111111111-0-1.0,3
114,114,518,518,,519,65-69,Ontario,Female,English,English,High School Graduation Certificate,Not Employed,Other,,,,0.9333333333333332,0.6666666666666666,1,0.2352941176470588,0.2352941176470588,0.5,0.5,0.1111111111111111,0,1.0,,0.9333333333333332-0.6666666666666666-1-0.2352941176470588-0.2352941176470588-0.5-0.5-0.1111111111111111-0-1.0,6
115,115,524,524,,525,55-59,Ontario,Female,English,English,Bachelors Degrees,Full-Time,Clerical/Secretarial,,,,0.8,0.6666666666666666,1,0.2352941176470588,0.2352941176470588,0.0,0.0,0.0,0,1.0,,0.8-0.6666666666666666-1-0.2352941176470588-0.2352941176470588-0.0-0.0-0.0-0-1.0,2
116,116,530,530,,531,35-39,Alberta,Male,English,French,High School Graduation Certificate,Full-Time,Other Managers,,,,0.5333333333333333,0.0,0,0.2352941176470588,0.29411764705882354,0.5,0.0,0.2222222222222222,0,1.0,,0.5333333333333333-0.0-0-0.2352941176470588-0.29411764705882354-0.5-0.0-0.2222222222222222-0-1.0,2
117,117,534,534,,535,25-29,Ontario,Male,English,French,Other Certificate/Diploma Not Univ,Full-Time,Other,,,,0.4,0.6666666666666666,0,0.2352941176470588,0.29411764705882354,0.0,0.0,0.1111111111111111,0,1.0,,0.4-0.6666666666666666-0-0.2352941176470588-0.29411764705882354-0.0-0.0-0.1111111111111111-0-1.0,3
118,118,538,538,,539,45-49,Alberta,Female,English,French,Other Certificate/Diploma Not Univ,Full-Time,Other,,,,0.6666666666666666,0.0,1,0.2352941176470588,0.29411764705882354,0.0,0.0,0.1111111111111111,0,1.0,,0.6666666666666666-0.0-1-0.2352941176470588-0.29411764705882354-0.0-0.0-0.1111111111111111-0-1.0,2
119,119,543,543,,544,60-64,Quebec,Female,English,English,High School Graduation Certificate,Full-Time,Skilled,,,,0.8666666666666667,0.8888888888888888,1,0.2352941176470588,0.2352941176470588,0.5,0.0,0.7777777777777778,0,1.0,,0.8666666666666667-0.8888888888888888-1-0.2352941176470588-0.2352941176470588-0.5-0.0-0.7777777777777778-0-1.0,2
120,120,549,549,,550,45-49,Ontario,Male,English,English,Bachelors Degrees,Full-Time,Other,,,,0.6666666666666666,0.6666666666666666,0,0.2352941176470588,0.2352941176470588,0.0,0.0,0.1111111111111111,0,1.0,,0.6666666666666666-0.6666666666666666-0-0.2352941176470588-0.2352941176470588-0.0-0.0-0.1111111111111111-0-1.0,9
121,121,552,552,,553,30-34,Manitoba,Male,English,English,Bachelors Degrees,Full-Time,Professionals,,,,0.4666666666666667,0.2222222222222222,0,0.2352941176470588,0.2352941176470588,0.0,0.0,0.4444444444444444,0,1.0,,0.4666666666666667-0.2222222222222222-0-0.2352941176470588-0.2352941176470588-0.0-0.0-0.4444444444444444-0-1.0,2
122,122,554,554,,555,30-34,Ontario,Female,English,English,High School Graduation Certificate,Full-Time,Other,,,,0.4666666666666667,0.6666666666666666,1,0.2352941176470588,0.2352941176470588,0.5,0.0,0.1111111111111111,0,1.0,,0.4666666666666667-0.6666666666666666-1-0.2352941176470588-0.2352941176470588-0.5-0.0-0.1111111111111111-0-1.0,10
123,123,558,558,,559,50-54,Ontario,Male,English,English,Elementary School Graduation Cert,Full-Time,Other,,,,0.7333333333333333,0.6666666666666666,0,0.2352941176470588,0.2352941176470588,0.4,0.0,0.1111111111111111,0,1.0,,0.7333333333333333-0.6666666666666666-0-0.2352941176470588-0.2352941176470588-0.4-0.0-0.1111111111111111-0-1.0,6
124,124,561,561,,562,65-69,Ontario,Female,English,English,Elementary School Graduation Cert,Full-Time,Other Managers,,,,0.9333333333333332,0.6666666666666666,1,0.2352941176470588,0.2352941176470588,0.4,0.0,0.2222222222222222,0,1.0,,0.9333333333333332-0.6666666666666666-1-0.2352941176470588-0.2352941176470588-0.4-0.0-0.2222222222222222-0-1.0,4
125,125,563,563,,564,70+,Quebec,Female,English,English,Bachelors Degrees,Full-Time,Other,,,,1.0,0.8888888888888888,1,0.2352941176470588,0.2352941176470588,0.0,0.0,0.1111111111111111,0,1.0,,1.0-0.8888888888888888-1-0.2352941176470588-0.2352941176470588-0.0-0.0-0.1111111111111111-0-1.0,5
126,126,567,567,,568,70+,Quebec,Female,English,English,High School Graduation Certificate,Full-Time,Unskilled,,,,1.0,0.8888888888888888,1,0.2352941176470588,0.2352941176470588,0.5,0.0,1.0,0,1.0,,1.0-0.8888888888888888-1-0.2352941176470588-0.2352941176470588-0.5-0.0-1.0-0-1.0,2
127,127,581,581,,582,40-44,British Columbia,Male,English,English,Bachelors Degrees,Full-Time,Other,,,,0.6,0.1111111111111111,0,0.2352941176470588,0.2352941176470588,0.0,0.0,0.1111111111111111,0,1.0,,0.6-0.1111111111111111-0-0.2352941176470588-0.2352941176470588-0.0-0.0-0.1111111111111111-0-1.0,2
128,128,583,583,,584,40-44,Quebec,Male,English,French,High School Graduation Certificate,Not Employed,Skilled,,,,0.6,0.8888888888888888,0,0.2352941176470588,0.29411764705882354,0.5,0.5,0.7777777777777778,0,1.0,,0.6-0.8888888888888888-0-0.2352941176470588-0.29411764705882354-0.5-0.5-0.7777777777777778-0-1.0,2
129,129,589,589,,590,30-34,Ontario,Male,English,English,High School Graduation Certificate,Full-Time,Other,,,,0.4666666666666667,0.6666666666666666,0,0.2352941176470588,0.2352941176470588,0.5,0.0,0.1111111111111111,0,0.0,,0.4666666666666667-0.6666666666666666-0-0.2352941176470588-0.2352941176470588-0.5-0.0-0.1111111111111111-0-0.0,4
130,130,602,602,,603,18 Years,Alberta,Female,French,English,Bachelors Degrees,Full-Time,Other,,,,0.13333333333333333,0.0,1,0.29411764705882354,0.2352941176470588,0.0,0.0,0.1111111111111111,0,1.0,,0.13333333333333333-0.0-1-0.29411764705882354-0.2352941176470588-0.0-0.0-0.1111111111111111-0-1.0,2
131,131,603,603,,604,70+,New Brunswick,Male,French,English,High School Graduation Certificate,Full-Time,Other,,,,1.0,0.3333333333333333,0,0.29411764705882354,0.2352941176470588,0.5,0.0,0.1111111111111111,0,1.0,,1.0-0.3333333333333333-0-0.29411764705882354-0.2352941176470588-0.5-0.0-0.1111111111111111-0-1.0,2
132,132,613,613,,614,45-49,Manitoba,Male,English,English,Bachelors Degrees,Not Employed,Other,,,,0.6666666666666666,0.2222222222222222,0,0.2352941176470588,0.2352941176470588,0.0,0.5,0.1111111111111111,0,1.0,,0.6666666666666666-0.2222222222222222-0-0.2352941176470588-0.2352941176470588-0.0-0.5-0.1111111111111111-0-1.0,3
133,133,614,614,,615,35-39,Ontario,Male,English,English,Trade Certificate/Diploma,Part-Time,Other,,,,0.5333333333333333,0.6666666666666666,0,0.2352941176470588,0.2352941176470588,0.8,1.0,0.1111111111111111,0,1.0,,0.5333333333333333-0.6666666666666666-0-0.2352941176470588-0.2352941176470588-0.8-1.0-0.1111111111111111-0-1.0,2
134,134,615,615,,616,60-64,Quebec,Female,French,French,Bachelors Degrees,Not Employed,Other,,,,0.8666666666666667,0.8888888888888888,1,0.29411764705882354,0.29411764705882354,0.0,0.5,0.1111111111111111,0,1.0,,0.8666666666666667-0.8888888888888888-1-0.29411764705882354-0.29411764705882354-0.0-0.5-0.1111111111111111-0-1.0,2
135,135,617,617,,618,70+,Ontario,Female,English,English,Elementary School Graduation Cert,Not Employed,Other,,,,1.0,0.6666666666666666,1,0.2352941176470588,0.2352941176470588,0.4,0.5,0.1111111111111111,0,1.0,,1.0-0.6666666666666666-1-0.2352941176470588-0.2352941176470588-0.4-0.5-0.1111111111111111-0-1.0,7
136,136,637,637,,638,50-54,Ontario,Female,French,English,Elementary School Graduation Cert,Full-Time,Senior Managers/Owners,,,,0.7333333333333333,0.6666666666666666,1,0.29411764705882354,0.2352941176470588,0.4,0.0,0.5555555555555556,0,1.0,,0.7333333333333333-0.6666666666666666-1-0.29411764705882354-0.2352941176470588-0.4-0.0-0.5555555555555556-0-1.0,2
137,137,646,646,,647,30-34,Ontario,Female,English,English,Elementary School Graduation Cert,Full-Time,Other,,,,0.4666666666666667,0.6666666666666666,1,0.2352941176470588,0.2352941176470588,0.4,0.0,0.1111111111111111,0,1.0,,0.4666666666666667-0.6666666666666666-1-0.2352941176470588-0.2352941176470588-0.4-0.0-0.1111111111111111-0-1.0,7
138,138,649,649,,650,22-24,Ontario,Female,English,English,High School Graduation Certificate,Not Employed,Other,,,,0.3333333333333333,0.6666666666666666,1,0.2352941176470588,0.2352941176470588,0.5,0.5,0.1111111111111111,0,1.0,,0.3333333333333333-0.6666666666666666-1-0.2352941176470588-0.2352941176470588-0.5-0.5-0.1111111111111111-0-1.0,3
139,139,655,655,,656,60-64,Quebec,Male,English,English,High School Graduation Certificate,Full-Time,Other Managers,,,,0.8666666666666667,0.8888888888888888,0,0.2352941176470588,0.2352941176470588,0.5,0.0,0.2222222222222222,0,1.0,,0.8666666666666667-0.8888888888888888-0-0.2352941176470588-0.2352941176470588-0.5-0.0-0.2222222222222222-0-1.0,2
140,140,658,658,,659,55-59,Quebec,Female,English,English,Elementary School Graduation Cert,Full-Time,Technical/Sales/Teaching/Other White Collar,,,,0.8,0.8888888888888888,1,0.2352941176470588,0.2352941176470588,0.4,0.0,0.8888888888888888,0,1.0,,0.8-0.8888888888888888-1-0.2352941176470588-0.2352941176470588-0.4-0.0-0.8888888888888888-0-1.0,2
141,141,662,662,,663,50-54,Ontario,Male,English,French,Bachelors Degrees,Not Employed,Other,,,,0.7333333333333333,0.6666666666666666,0,0.2352941176470588,0.29411764705882354,0.0,0.5,0.1111111111111111,0,1.0,,0.7333333333333333-0.6666666666666666-0-0.2352941176470588-0.29411764705882354-0.0-0.5-0.1111111111111111-0-1.0,2
142,142,665,665,,666,60-64,Ontario,Male,English,English,Elementary School Graduation Cert,Full-Time,Skilled,,,,0.8666666666666667,0.6666666666666666,0,0.2352941176470588,0.2352941176470588,0.4,0.0,0.7777777777777778,0,1.0,,0.8666666666666667-0.6666666666666666-0-0.2352941176470588-0.2352941176470588-0.4-0.0-0.7777777777777778-0-1.0,3
143,143,686,686,,688,40-44,Ontario,Female,Other,English,High School Graduation Certificate,Full-Time,Other,,,,0.6,0.6666666666666666,1,0.7058823529411765,0.2352941176470588,0.5,0.0,0.1111111111111111,0,1.0,,0.6-0.6666666666666666-1-0.7058823529411765-0.2352941176470588-0.5-0.0-0.1111111111111111-0-1.0,2
144,144,687,687,,689,70+,Quebec,Male,English,French,High School Graduation Certificate,Not Employed,Other,,,,1.0,0.8888888888888888,0,0.2352941176470588,0.29411764705882354,0.5,0.5,0.1111111111111111,0,1.0,,1.0-0.8888888888888888-0-0.2352941176470588-0.29411764705882354-0.5-0.5-0.1111111111111111-0-1.0,2
145,145,692,692,,694,40-44,Ontario,Male,Other,English,Other Certificate/Diploma Not Univ,Not Employed,Other,,,,0.6,0.6666666666666666,0,0.7058823529411765,0.2352941176470588,0.0,0.5,0.1111111111111111,0,1.0,,0.6-0.6666666666666666-0-0.7058823529411765-0.2352941176470588-0.0-0.5-0.1111111111111111-0-1.0,2
146,146,695,695,,697,45-49,Ontario,Male,English,English,High School Graduation Certificate,Part-Time,Other Managers,,,,0.6666666666666666,0.6666666666666666,0,0.2352941176470588,0.2352941176470588,0.5,1.0,0.2222222222222222,0,1.0,,0.6666666666666666-0.6666666666666666-0-0.2352941176470588-0.2352941176470588-0.5-1.0-0.2222222222222222-0-1.0,3
147,147,707,707,,709,45-49,Ontario,Male,English,French,Bachelors Degrees,Not Employed,Unskilled,,,,0.6666666666666666,0.6666666666666666,0,0.2352941176470588,0.29411764705882354,0.0,0.5,1.0,0,1.0,,0.6666666666666666-0.6666666666666666-0-0.2352941176470588-0.29411764705882354-0.0-0.5-1.0-0-1.0,3
148,148,714,714,,716,18 Years,Quebec,Male,English,English,High School Graduation Certificate,Not Employed,Other,,,,0.13333333333333333,0.8888888888888888,0,0.2352941176470588,0.2352941176470588,0.5,0.5,0.1111111111111111,0,1.0,,0.13333333333333333-0.8888888888888888-0-0.2352941176470588-0.2352941176470588-0.5-0.5-0.1111111111111111-0-1.0,2
149,149,724,724,,727,35-39,Alberta,Male,English,English,Elementary School Graduation Cert,Not Employed,Clerical/Secretarial,,,,0.5333333333333333,0.0,0,0.2352941176470588,0.2352941176470588,0.4,0.5,0.0,0,1.0,,0.5333333333333333-0.0-0-0.2352941176470588-0.2352941176470588-0.4-0.5-0.0-0-1.0,2
150,150,725,725,,728,45-49,Ontario,Female,English,English,High School Graduation Certificate,Full-Time,Clerical/Secretarial,,,,0.6666666666666666,0.6666666666666666,1,0.2352941176470588,0.2352941176470588,0.5,0.0,0.0,0,1.0,,0.6666666666666666-0.6666666666666666-1-0.2352941176470588-0.2352941176470588-0.5-0.0-0.0-0-1.0,2
151,151,726,726,,729,50-54,Alberta,Male,English,English,Bachelors Degrees,Full-Time,Other,,,,0.7333333333333333,0.0,0,0.2352941176470588,0.2352941176470588,0.0,0.0,0.1111111111111111,0,1.0,,0.7333333333333333-0.0-0-0.2352941176470588-0.2352941176470588-0.0-0.0-0.1111111111111111-0-1.0,2
152,152,730,730,,734,70+,Quebec,Female,English,English,Elementary School Graduation Cert,Full-Time,Other,,,,1.0,0.8888888888888888,1,0.2352941176470588,0.2352941176470588,0.4,0.0,0.1111111111111111,0,1.0,,1.0-0.8888888888888888-1-0.2352941176470588-0.2352941176470588-0.4-0.0-0.1111111111111111-0-1.0,5
153,153,733,733,,738,45-49,Ontario,Male,English,English,High School Graduation Certificate,Full-Time,Other,,,,0.6666666666666666,0.6666666666666666,0,0.2352941176470588,0.2352941176470588,0.5,0.0,0.1111111111111111,0,1.0,,0.6666666666666666-0.6666666666666666-0-0.2352941176470588-0.2352941176470588-0.5-0.0-0.1111111111111111-0-1.0,12
154,154,735,735,,740,70+,British Columbia,Female,English,English,High School Graduation Certificate,Full-Time,Other,,,,1.0,0.1111111111111111,1,0.2352941176470588,0.2352941176470588,0.5,0.0,0.1111111111111111,0,1.0,,1.0-0.1111111111111111-1-0.2352941176470588-0.2352941176470588-0.5-0.0-0.1111111111111111-0-1.0,4
155,155,740,740,,745,40-44,Quebec,Male,English,English,High School Graduation Certificate,Not Employed,Other,,,,0.6,0.8888888888888888,0,0.2352941176470588,0.2352941176470588,0.5,0.5,0.1111111111111111,0,1.0,,0.6-0.8888888888888888-0-0.2352941176470588-0.2352941176470588-0.5-0.5-0.1111111111111111-0-1.0,8
156,156,743,743,,748,60-64,Ontario,Female,English,English,Elementary School Graduation Cert,Full-Time,Other,,,,0.8666666666666667,0.6666666666666666,1,0.2352941176470588,0.2352941176470588,0.4,0.0,0.1111111111111111,0,1.0,,0.8666666666666667-0.6666666666666666-1-0.2352941176470588-0.2352941176470588-0.4-0.0-0.1111111111111111-0-1.0,7
157,157,746,746,,751,65-69,Ontario,Female,English,English,Bachelors Degrees,Not Employed,Skilled,,,,0.9333333333333332,0.6666666666666666,1,0.2352941176470588,0.2352941176470588,0.0,0.5,0.7777777777777778,0,1.0,,0.9333333333333332-0.6666666666666666-1-0.2352941176470588-0.2352941176470588-0.0-0.5-0.7777777777777778-0-1.0,4
158,158,747,747,,752,70+,Ontario,Male,English,English,Bachelors Degrees,Not Employed,Skilled,,,,1.0,0.6666666666666666,0,0.2352941176470588,0.2352941176470588,0.0,0.5,0.7777777777777778,0,1.0,,1.0-0.6666666666666666-0-0.2352941176470588-0.2352941176470588-0.0-0.5-0.7777777777777778-0-1.0,3
159,159,752,752,,757,65-69,Ontario,Male,English,English,Bachelors Degrees,Not Employed,Technical/Sales/Teaching/Other White Collar,,,,0.9333333333333332,0.6666666666666666,0,0.2352941176470588,0.2352941176470588,0.0,0.5,0.8888888888888888,0,1.0,,0.9333333333333332-0.6666666666666666-0-0.2352941176470588-0.2352941176470588-0.0-0.5-0.8888888888888888-0-1.0,4
160,160,753,753,,758,50-54,Ontario,Female,English,English,Bachelors Degrees,Part-Time,Other,,,,0.7333333333333333,0.6666666666666666,1,0.2352941176470588,0.2352941176470588,0.0,1.0,0.1111111111111111,0,1.0,,0.7333333333333333-0.6666666666666666-1-0.2352941176470588-0.2352941176470588-0.0-1.0-0.1111111111111111-0-1.0,5
161,161,754,754,,759,55-59,Quebec,Female,English,English,Bachelors Degrees,Full-Time,Clerical/Secretarial,,,,0.8,0.8888888888888888,1,0.2352941176470588,0.2352941176470588,0.0,0.0,0.0,0,1.0,,0.8-0.8888888888888888-1-0.2352941176470588-0.2352941176470588-0.0-0.0-0.0-0-1.0,3
162,162,761,761,,766,55-59,Ontario,Female,English,English,Elementary School Graduation Cert,Not Employed,Unskilled,,,,0.8,0.6666666666666666,1,0.2352941176470588,0.2352941176470588,0.4,0.5,1.0,0,1.0,,0.8-0.6666666666666666-1-0.2352941176470588-0.2352941176470588-0.4-0.5-1.0-0-1.0,2
163,163,773,773,,778,55-59,Ontario,Female,English,English,Bachelors Degrees,Not Employed,Other,,,,0.8,0.6666666666666666,1,0.2352941176470588,0.2352941176470588,0.0,0.5,0.1111111111111111,0,1.0,,0.8-0.6666666666666666-1-0.2352941176470588-0.2352941176470588-0.0-0.5-0.1111111111111111-0-1.0,11
164,164,776,776,,781,40-44,Quebec,Male,English,English,High School Graduation Certificate,Full-Time,Other,,,,0.6,0.8888888888888888,0,0.2352941176470588,0.2352941176470588,0.5,0.0,0.1111111111111111,0,1.0,,0.6-0.8888888888888888-0-0.2352941176470588-0.2352941176470588-0.5-0.0-0.1111111111111111-0-1.0,5
165,165,777,777,,782,50-54,Ontario,Male,English,English,High School Graduation Certificate,Full-Time,Other,,,,0.7333333333333333,0.6666666666666666,0,0.2352941176470588,0.2352941176470588,0.5,0.0,0.1111111111111111,0,1.0,,0.7333333333333333-0.6666666666666666-0-0.2352941176470588-0.2352941176470588-0.5-0.0-0.1111111111111111-0-1.0,8
166,166,779,779,,784,45-49,Quebec,Female,English,English,Elementary School Graduation Cert,Not Employed,Other,,,,0.6666666666666666,0.8888888888888888,1,0.2352941176470588,0.2352941176470588,0.4,0.5,0.1111111111111111,0,1.0,,0.6666666666666666-0.8888888888888888-1-0.2352941176470588-0.2352941176470588-0.4-0.5-0.1111111111111111-0-1.0,3
167,167,784,784,,789,70+,Ontario,Male,English,English,Elementary School Graduation Cert,Not Employed,Other,,,,1.0,0.6666666666666666,0,0.2352941176470588,0.2352941176470588,0.4,0.5,0.1111111111111111,0,1.0,,1.0-0.6666666666666666-0-0.2352941176470588-0.2352941176470588-0.4-0.5-0.1111111111111111-0-1.0,7
168,168,787,787,,792,70+,Ontario,Male,English,English,Bachelors Degrees,Full-Time,Unskilled,,,,1.0,0.6666666666666666,0,0.2352941176470588,0.2352941176470588,0.0,0.0,1.0,0,1.0,,1.0-0.6666666666666666-0-0.2352941176470588-0.2352941176470588-0.0-0.0-1.0-0-1.0,6
169,169,791,791,,796,40-44,Ontario,Female,English,English,Univ Cert/Dipl Below Bachelor Level,Not Employed,Other,,,,0.6,0.6666666666666666,1,0.2352941176470588,0.2352941176470588,0.0,0.5,0.1111111111111111,0,1.0,,0.6-0.6666666666666666-1-0.2352941176470588-0.2352941176470588-0.0-0.5-0.1111111111111111-0-1.0,6
170,170,793,793,,798,45-49,British Columbia,Female,English,English,High School Graduation Certificate,Full-Time,Other,,,,0.6666666666666666,0.1111111111111111,1,0.2352941176470588,0.2352941176470588,0.5,0.0,0.1111111111111111,0,1.0,,0.6666666666666666-0.1111111111111111-1-0.2352941176470588-0.2352941176470588-0.5-0.0-0.1111111111111111-0-1.0,5
171,171,796,796,,801,70+,Quebec,Female,English,English,High School Graduation Certificate,Not Employed,Other,,,,1.0,0.8888888888888888,1,0.2352941176470588,0.2352941176470588,0.5,0.5,0.1111111111111111,0,1.0,,1.0-0.8888888888888888-1-0.2352941176470588-0.2352941176470588-0.5-0.5-0.1111111111111111-0-1.0,5
172,172,797,797,,802,30-34,Quebec,Female,English,English,High School Graduation Certificate,Full-Time,Other,,,,0.4666666666666667,0.8888888888888888,1,0.2352941176470588,0.2352941176470588,0.5,0.0,0.1111111111111111,0,0.0,,0.4666666666666667-0.8888888888888888-1-0.2352941176470588-0.2352941176470588-0.5-0.0-0.1111111111111111-0-0.0,3
173,173,801,801,,806,55-59,British Columbia,Female,English,French,Elementary School Graduation Cert,Not Employed,Unskilled,,,,0.8,0.1111111111111111,1,0.2352941176470588,0.29411764705882354,0.4,0.5,1.0,0,1.0,,0.8-0.1111111111111111-1-0.2352941176470588-0.29411764705882354-0.4-0.5-1.0-0-1.0,2
174,174,823,823,,829,30-34,Ontario,Male,English,English,Elementary School Graduation Cert,Not Employed,Other Managers,,,,0.4666666666666667,0.6666666666666666,0,0.2352941176470588,0.2352941176470588,0.4,0.5,0.2222222222222222,0,1.0,,0.4666666666666667-0.6666666666666666-0-0.2352941176470588-0.2352941176470588-0.4-0.5-0.2222222222222222-0-1.0,2
175,175,825,825,,831,25-29,Quebec,Male,English,English,Bachelors Degrees,Full-Time,Other,,,,0.4,0.8888888888888888,0,0.2352941176470588,0.2352941176470588,0.0,0.0,0.1111111111111111,0,1.0,,0.4-0.8888888888888888-0-0.2352941176470588-0.2352941176470588-0.0-0.0-0.1111111111111111-0-1.0,3
176,176,832,832,,838,70+,Alberta,Male,English,English,High School Graduation Certificate,Not Employed,Other,,,,1.0,0.0,0,0.2352941176470588,0.2352941176470588,0.5,0.5,0.1111111111111111,0,1.0,,1.0-0.0-0-0.2352941176470588-0.2352941176470588-0.5-0.5-0.1111111111111111-0-1.0,4
177,177,845,845,,852,50-54,Ontario,Female,English,English,Other Certificate/Diploma Not Univ,Not Employed,Other,,,,0.7333333333333333,0.6666666666666666,1,0.2352941176470588,0.2352941176470588,0.0,0.5,0.1111111111111111,0,1.0,,0.7333333333333333-0.6666666666666666-1-0.2352941176470588-0.2352941176470588-0.0-0.5-0.1111111111111111-0-1.0,7
178,178,852,852,,859,20-21,British Columbia,Female,English,English,Bachelors Degrees,Not Employed,Other Managers,,,,0.26666666666666666,0.1111111111111111,1,0.2352941176470588,0.2352941176470588,0.0,0.5,0.2222222222222222,0,1.0,,0.26666666666666666-0.1111111111111111-1-0.2352941176470588-0.2352941176470588-0.0-0.5-0.2222222222222222-0-1.0,2
179,179,854,854,,861,22-24,Quebec,Male,English,English,Univ Cert/Dipl Below Bachelor Level,Full-Time,Other,,,,0.3333333333333333,0.8888888888888888,0,0.2352941176470588,0.2352941176470588,0.0,0.0,0.1111111111111111,0,1.0,,0.3333333333333333-0.8888888888888888-0-0.2352941176470588-0.2352941176470588-0.0-0.0-0.1111111111111111-0-1.0,3
180,180,857,857,,864,50-54,British Columbia,Female,English,English,Elementary School Graduation Cert,Full-Time,Other,,,,0.7333333333333333,0.1111111111111111,1,0.2352941176470588,0.2352941176470588,0.4,0.0,0.1111111111111111,0,1.0,,0.7333333333333333-0.1111111111111111-1-0.2352941176470588-0.2352941176470588-0.4-0.0-0.1111111111111111-0-1.0,3
181,181,863,863,,870,70+,Quebec,Male,English,English,High School Graduation Certificate,Full-Time,Other Managers,,,,1.0,0.8888888888888888,0,0.2352941176470588,0.2352941176470588,0.5,0.0,0.2222222222222222,0,1.0,,1.0-0.8888888888888888-0-0.2352941176470588-0.2352941176470588-0.5-0.0-0.2222222222222222-0-1.0,4
182,182,865,865,,872,60-64,Ontario,Male,English,English,Other Certificate/Diploma Not Univ,Not Employed,Unskilled,,,,0.8666666666666667,0.6666666666666666,0,0.2352941176470588,0.2352941176470588,0.0,0.5,1.0,0,1.0,,0.8666666666666667-0.6666666666666666-0-0.2352941176470588-0.2352941176470588-0.0-0.5-1.0-0-1.0,5
183,183,866,866,,873,60-64,Ontario,Male,French,English,Other Certificate/Diploma Not Univ,Not Employed,Unskilled,,,,0.8666666666666667,0.6666666666666666,0,0.29411764705882354,0.2352941176470588,0.0,0.5,1.0,0,1.0,,0.8666666666666667-0.6666666666666666-0-0.29411764705882354-0.2352941176470588-0.0-0.5-1.0-0-1.0,3
184,184,868,868,,875,25-29,Saskatchewan,Female,English,English,Elementary School Graduation Cert,Not Employed,Other,,,,0.4,1.0,1,0.2352941176470588,0.2352941176470588,0.4,0.5,0.1111111111111111,0,1.0,,0.4-1.0-1-0.2352941176470588-0.2352941176470588-0.4-0.5-0.1111111111111111-0-1.0,4
185,185,874,874,,881,55-59,Nova Scotia,Female,English,English,Univ Cert/Dipl Below Bachelor Level,Not Employed,Other,,,,0.8,0.5555555555555556,1,0.2352941176470588,0.2352941176470588,0.0,0.5,0.1111111111111111,0,1.0,,0.8-0.5555555555555556-1-0.2352941176470588-0.2352941176470588-0.0-0.5-0.1111111111111111-0-1.0,2
186,186,877,877,,884,35-39,Ontario,Female,English,English,Elementary School Graduation Cert,Not Employed,Other,,,,0.5333333333333333,0.6666666666666666,1,0.2352941176470588,0.2352941176470588,0.4,0.5,0.1111111111111111,0,1.0,,0.5333333333333333-0.6666666666666666-1-0.2352941176470588-0.2352941176470588-0.4-0.5-0.1111111111111111-0-1.0,4
187,187,880,880,,887,25-29,Manitoba,Female,English,English,Bachelors Degrees,Not Employed,Other,,,,0.4,0.2222222222222222,1,0.2352941176470588,0.2352941176470588,0.0,0.5,0.1111111111111111,0,1.0,,0.4-0.2222222222222222-1-0.2352941176470588-0.2352941176470588-0.0-0.5-0.1111111111111111-0-1.0,3
188,188,882,882,,889,40-44,Quebec,Female,English,English,High School Graduation Certificate,Not Employed,Other,,,,0.6,0.8888888888888888,1,0.2352941176470588,0.2352941176470588,0.5,0.5,0.1111111111111111,0,1.0,,0.6-0.8888888888888888-1-0.2352941176470588-0.2352941176470588-0.5-0.5-0.1111111111111111-0-1.0,3
189,189,884,884,,891,35-39,Quebec,Female,English,English,High School Graduation Certificate,Not Employed,Unskilled,,,,0.5333333333333333,0.8888888888888888,1,0.2352941176470588,0.2352941176470588,0.5,0.5,1.0,0,1.0,,0.5333333333333333-0.8888888888888888-1-0.2352941176470588-0.2352941176470588-0.5-0.5-1.0-0-1.0,2
190,190,885,885,,892,50-54,Ontario,Female,English,English,Elementary School Graduation Cert,Full-Time,Other,,,,0.7333333333333333,0.6666666666666666,1,0.2352941176470588,0.2352941176470588,0.4,0.0,0.1111111111111111,0,1.0,,0.7333333333333333-0.6666666666666666-1-0.2352941176470588-0.2352941176470588-0.4-0.0-0.1111111111111111-0-1.0,7
191,191,890,890,,897,50-54,Ontario,Female,English,English,Other Certificate/Diploma Not Univ,Part-Time,Clerical/Secretarial,,,,0.7333333333333333,0.6666666666666666,1,0.2352941176470588,0.2352941176470588,0.0,1.0,0.0,0,1.0,,0.7333333333333333-0.6666666666666666-1-0.2352941176470588-0.2352941176470588-0.0-1.0-0.0-0-1.0,2
192,192,897,897,,904,70+,British Columbia,Male,French,English,Other Certificate/Diploma Not Univ,Full-Time,Other Managers,,,,1.0,0.1111111111111111,0,0.29411764705882354,0.2352941176470588,0.0,0.0,0.2222222222222222,0,1.0,,1.0-0.1111111111111111-0-0.29411764705882354-0.2352941176470588-0.0-0.0-0.2222222222222222-0-1.0,2
193,193,903,903,,910,55-59,Quebec,Male,English,English,Univ Cert/Dipl Above Bachelor Level,Not Employed,Technical/Sales/Teaching/Other White Collar,,,,0.8,0.8888888888888888,0,0.2352941176470588,0.2352941176470588,0.0,0.5,0.8888888888888888,0,1.0,,0.8-0.8888888888888888-0-0.2352941176470588-0.2352941176470588-0.0-0.5-0.8888888888888888-0-1.0,2
194,194,918,918,,926,35-39,British Columbia,Male,English,English,Elementary School Graduation Cert,Full-Time,Other,,,,0.5333333333333333,0.1111111111111111,0,0.2352941176470588,0.2352941176470588,0.4,0.0,0.1111111111111111,0,0.0,,0.5333333333333333-0.1111111111111111-0-0.2352941176470588-0.2352941176470588-0.4-0.0-0.1111111111111111-0-0.0,2
195,195,921,921,,929,40-44,Ontario,Male,English,English,High School Graduation Certificate,Not Employed,Other,,,,0.6,0.6666666666666666,0,0.2352941176470588,0.2352941176470588,0.5,0.5,0.1111111111111111,0,1.0,,0.6-0.6666666666666666-0-0.2352941176470588-0.2352941176470588-0.5-0.5-0.1111111111111111-0-1.0,11
196,196,933,933,,941,25-29,British Columbia,Female,English,English,Bachelors Degrees,Not Employed,Other,,,,0.4,0.1111111111111111,1,0.2352941176470588,0.2352941176470588,0.0,0.5,0.1111111111111111,0,1.0,,0.4-0.1111111111111111-1-0.2352941176470588-0.2352941176470588-0.0-0.5-0.1111111111111111-0-1.0,2
197,197,938,938,,946,50-54,Quebec,Male,French,English,High School Graduation Certificate,Not Employed,Other,,,,0.7333333333333333,0.8888888888888888,0,0.29411764705882354,0.2352941176470588,0.5,0.5,0.1111111111111111,0,1.0,,0.7333333333333333-0.8888888888888888-0-0.29411764705882354-0.2352941176470588-0.5-0.5-0.1111111111111111-0-1.0,2
198,198,939,939,,947,65-69,Ontario,Female,English,English,Bachelors Degrees,Full-Time,Other,,,,0.9333333333333332,0.6666666666666666,1,0.2352941176470588,0.2352941176470588,0.0,0.0,0.1111111111111111,0,1.0,,0.9333333333333332-0.6666666666666666-1-0.2352941176470588-0.2352941176470588-0.0-0.0-0.1111111111111111-0-1.0,6
199,199,943,943,,951,70+,Ontario,Male,English,English,Trade Certificate/Diploma,Full-Time,Unskilled,,,,1.0,0.6666666666666666,0,0.2352941176470588,0.2352941176470588,0.8,0.0,1.0,0,1.0,,1.0-0.6666666666666666-0-0.2352941176470588-0.2352941176470588-0.8-0.0-1.0-0-1.0,3
200,200,948,948,,956,70+,Quebec,Male,English,French,Elementary School Graduation Cert,Not Employed,Other,,,,1.0,0.8888888888888888,0,0.2352941176470588,0.29411764705882354,0.4,0.5,0.1111111111111111,0,1.0,,1.0-0.8888888888888888-0-0.2352941176470588-0.29411764705882354-0.4-0.5-0.1111111111111111-0-1.0,2
201,201,955,955,,963,25-29,Quebec,Female,English,French,Bachelors Degrees,Full-Time,Other Managers,,,,0.4,0.8888888888888888,1,0.2352941176470588,0.29411764705882354,0.0,0.0,0.2222222222222222,0,1.0,,0.4-0.8888888888888888-1-0.2352941176470588-0.29411764705882354-0.0-0.0-0.2222222222222222-0-1.0,2
202,202,968,968,,976,25-29,Ontario,Male,English,English,High School Graduation Certificate,Full-Time,Other Managers,,,,0.4,0.6666666666666666,0,0.2352941176470588,0.2352941176470588,0.5,0.0,0.2222222222222222,0,1.0,,0.4-0.6666666666666666-0-0.2352941176470588-0.2352941176470588-0.5-0.0-0.2222222222222222-0-1.0,5
203,203,972,972,,980,45-49,Ontario,Female,English,English,Bachelors Degrees,Not Employed,Other,,,,0.6666666666666666,0.6666666666666666,1,0.2352941176470588,0.2352941176470588,0.0,0.5,0.1111111111111111,0,1.0,,0.6666666666666666-0.6666666666666666-1-0.2352941176470588-0.2352941176470588-0.0-0.5-0.1111111111111111-0-1.0,5
204,204,974,974,,982,55-59,Ontario,Male,English,French,Other Certificate/Diploma Not Univ,Full-Time,Other Managers,,,,0.8,0.6666666666666666,0,0.2352941176470588,0.29411764705882354,0.0,0.0,0.2222222222222222,0,0.6923076923076923,,0.8-0.6666666666666666-0-0.2352941176470588-0.29411764705882354-0.0-0.0-0.2222222222222222-0-0.6923076923076923,2
205,205,975,975,,983,30-34,Quebec,Female,English,English,Other Certificate/Diploma Not Univ,Full-Time,Other,,,,0.4666666666666667,0.8888888888888888,1,0.2352941176470588,0.2352941176470588,0.0,0.0,0.1111111111111111,0,1.0,,0.4666666666666667-0.8888888888888888-1-0.2352941176470588-0.2352941176470588-0.0-0.0-0.1111111111111111-0-1.0,3
206,206,978,978,,986,60-64,Ontario,Female,English,English,Other Certificate/Diploma Not Univ,Full-Time,Other,,,,0.8666666666666667,0.6666666666666666,1,0.2352941176470588,0.2352941176470588,0.0,0.0,0.1111111111111111,0,1.0,,0.8666666666666667-0.6666666666666666-1-0.2352941176470588-0.2352941176470588-0.0-0.0-0.1111111111111111-0-1.0,11
207,207,983,983,,991,25-29,Ontario,Male,English,English,Other Certificate/Diploma Not Univ,Full-Time,Clerical/Secretarial,,,,0.4,0.6666666666666666,0,0.2352941176470588,0.2352941176470588,0.0,0.0,0.0,0,1.0,,0.4-0.6666666666666666-0-0.2352941176470588-0.2352941176470588-0.0-0.0-0.0-0-1.0,2
208,208,987,987,,995,55-59,Ontario,Female,English,English,High School Graduation Certificate,Full-Time,Other,,,,0.8,0.6666666666666666,1,0.2352941176470588,0.2352941176470588,0.5,0.0,0.1111111111111111,0,1.0,,0.8-0.6666666666666666-1-0.2352941176470588-0.2352941176470588-0.5-0.0-0.1111111111111111-0-1.0,9
209,209,990,990,,998,65-69,Ontario,Female,English,English,Other Certificate/Diploma Not Univ,Full-Time,Professionals,,,,0.9333333333333332,0.6666666666666666,1,0.2352941176470588,0.2352941176470588,0.0,0.0,0.4444444444444444,0,0.0,,0.9333333333333332-0.6666666666666666-1-0.2352941176470588-0.2352941176470588-0.0-0.0-0.4444444444444444-0-0.0,2
210,210,992,992,,1000,40-44,Alberta,Female,French,English,Bachelors Degrees,Not Employed,Unskilled,,,,0.6,0.0,1,0.29411764705882354,0.2352941176470588,0.0,0.5,1.0,0,1.0,,0.6-0.0-1-0.29411764705882354-0.2352941176470588-0.0-0.5-1.0-0-1.0,2
211,211,997,997,,1005,45-49,Ontario,Female,English,English,High School Graduation Certificate,Part-Time,Other,,,,0.6666666666666666,0.6666666666666666,1,0.2352941176470588,0.2352941176470588,0.5,1.0,0.1111111111111111,0,1.0,,0.6666666666666666-0.6666666666666666-1-0.2352941176470588-0.2352941176470588-0.5-1.0-0.1111111111111111-0-1.0,2
